[
  {
    "Id": "757ae9f5",
    "State": "READY"
  },
  {
    "Id": "e99cc9fa",
    "State": "READY"
  },
  {
    "Id": "2741b76f",
    "State": "RUNNING"
  },
  {
    "Id": "2fe2629e",
    "State": "RUNNING"
  },
  {
    "Id": "d317fe13",
    "State": "INSTALLATION_FAILED"
  },
  {
    "Id": "713ee974",
    "State": "RUNNING"
  },
  {
    "Id": "579427ac",
    "State": "RUNNING"
  },
  {
    "Id": "1aa2fbc8",
    "State": "RUNNING"
  },
  {
    "Id": "4e10ae53",
    "State": "RUNNING"
  },
  {
    "Id": "a398f8dd",
    "State": "RUNNING"
  },
  {
    "Id": "c1bd4795",
    "State": "RUNNING"
  },
  {
    "Id": "f3ec6d14",
    "State": "RUNNING"
  },
  {
    "Id": "996569ba",
    "State": "RUNNING"
  },
  {
    "Id": "8f7186e3",
    "State": "RUNNING"
  },
  {
    "Id": "5899bfd1",
    "State": "RUNNING"
  },
  {
    "Id": "6a44d2e9",
    "State": "RUNNING"
  },
  {
    "Id": "5fbad82a",
    "State": "RUNNING"
  },
  {
    "Id": "4d596285",
    "State": "RUNNING"
  },
  {
    "Id": "49f4a578",
    "State": "RUNNING"
  },
  {
    "Id": "4be99972",
    "State": "RUNNING"
  }
]